{
  "type": "minecraft:entity",
  "pools": [
    {
      "rolls": 1,
      "entries": [
        {
          "type": "minecraft:item",
          "name": "minecraft:player_head",
          "functions": [
            {
              "function": "minecraft:set_nbt",
              "tag": "{display:{Name:'{\"text\":\"Allay\"}'},SkullOwner:{Id:[I;1429954624,-1165211573,-1897699421,-514949455],Properties:{textures:[{Value:\"eyJ0ZXh0dXJlcyI6eyJTS0lOIjp7InVybCI6Imh0dHA6Ly90ZXh0dXJlcy5taW5lY3JhZnQubmV0L3RleHR1cmUvZGY1ZGU5NDBiZmU0OTljNTllZThkYWM5ZjljMzkxOWU3NTM1ZWZmM2E5YWNiMTZmNDg0MmJmMjkwZjRjNjc5ZiJ9fX0=\"}]}}}"
            }
          ],
          "conditions": [
            {
              "condition": "minecraft:random_chance",
              "chance": 0.2
            }
          ]
        }
      ]
    }
  ],
  "random_sequence": "minecraft:entities/allay"
}