{
  "type": "minecraft:entity",
  "pools": [
    {
      "rolls": 1,
      "entries": [
        {
          "type": "minecraft:item",
          "name": "minecraft:player_head",
          "functions": [
            {
              "function": "minecraft:set_nbt",
              "tag": "{display:{Name:'{\"text\":\"Axolotl (lucy)\"}'},SkullOwner:{Id:[I;-894503094,127615754,-1455150663,-1278500835],Properties:{textures:[{Value:\"eyJ0ZXh0dXJlcyI6eyJTS0lOIjp7InVybCI6Imh0dHA6Ly90ZXh0dXJlcy5taW5lY3JhZnQubmV0L3RleHR1cmUvN2I5MTBmYmMyMTZmNzI0ZDI5NjU1MTU1YjJhMzg1OGE4MGYyMzRhMGNmZWQ2MDllMjJmYzY3MDY4M2FiNzc3YSJ9fX0=\"}]}}}"
            }
          ],
          "conditions": [
            {
              "condition": "minecraft:random_chance",
              "chance": 0.2
            },
            {
              "condition": "minecraft:entity_properties",
              "entity": "this",
              "predicate": {
                "type_specific": {
                  "type": "axolotl",
                  "variant": "lucy"
                }
              }
            }
          ]
        },
        {
          "type": "minecraft:item",
          "name": "minecraft:player_head",
          "functions": [
            {
              "function": "minecraft:set_nbt",
              "tag": "{display:{Name:'{\"text\":\"Axolotl (wild)\"}'},SkullOwner:{Id:[I;1820228223,-2110305782,-1699672485,-136273793],Properties:{textures:[{Value:\"eyJ0ZXh0dXJlcyI6eyJTS0lOIjp7InVybCI6Imh0dHA6Ly90ZXh0dXJlcy5taW5lY3JhZnQubmV0L3RleHR1cmUvOGRiMjJhMGVhNjJkNWQyMjg2N2Q4NTJkMDFkMzk2MTc3YjdhMGQ2M2UxOGNkYzVlMjlhYjM5ZjUyNDljNTA3NCJ9fX0=\"}]}}}"
            }
          ],
          "conditions": [
            {
              "condition": "minecraft:random_chance",
              "chance": 0.2
            },
            {
              "condition": "minecraft:entity_properties",
              "entity": "this",
              "predicate": {
                "type_specific": {
                  "type": "axolotl",
                  "variant": "wild"
                }
              }
            }
          ]
        },
        {
          "type": "minecraft:item",
          "name": "minecraft:player_head",
          "functions": [
            {
              "function": "minecraft:set_nbt",
              "tag": "{display:{Name:'{\"text\":\"Axolotl (gold)\"}'},SkullOwner:{Id:[I;1269302341,1053771813,-1867594777,-2123870204],Properties:{textures:[{Value:\"eyJ0ZXh0dXJlcyI6eyJTS0lOIjp7InVybCI6Imh0dHA6Ly90ZXh0dXJlcy5taW5lY3JhZnQubmV0L3RleHR1cmUvZTE3ZjhlNThhZGY4ZTFjNWVkZTQ1MGQyMjM1Y2ZmNjEyZmMxNmM0Yjc0NDkwYTBlN2RiZDU5MzBiOGM4M2U3ZiJ9fX0=\"}]}}}"
            }
          ],
          "conditions": [
            {
              "condition": "minecraft:random_chance",
              "chance": 0.2
            },
            {
              "condition": "minecraft:entity_properties",
              "entity": "this",
              "predicate": {
                "type_specific": {
                  "type": "axolotl",
                  "variant": "gold"
                }
              }
            }
          ]
        },
        {
          "type": "minecraft:item",
          "name": "minecraft:player_head",
          "functions": [
            {
              "function": "minecraft:set_nbt",
              "tag": "{display:{Name:'{\"text\":\"Axolotl (cyan)\"}'},SkullOwner:{Id:[I;-270417045,523387817,-1225626442,-629593831],Properties:{textures:[{Value:\"eyJ0ZXh0dXJlcyI6eyJTS0lOIjp7InVybCI6Imh0dHA6Ly90ZXh0dXJlcy5taW5lY3JhZnQubmV0L3RleHR1cmUvZDU0M2JmYTRlYTIzMzQ2NjdiNmFiZmU0MGQ4NTJlY2Y1NWY4NTA2YTljMGM1YWQ4ZGQxZTczMmY1OGQ5YzZjMyJ9fX0=\"}]}}}"
            }
          ],
          "conditions": [
            {
              "condition": "minecraft:random_chance",
              "chance": 0.2
            },
            {
              "condition": "minecraft:entity_properties",
              "entity": "this",
              "predicate": {
                "type_specific": {
                  "type": "axolotl",
                  "variant": "cyan"
                }
              }
            }
          ]
        },
        {
          "type": "minecraft:item",
          "name": "minecraft:player_head",
          "functions": [
            {
              "function": "minecraft:set_nbt",
              "tag": "{display:{Name:'{\"text\":\"Axolotl (blue)\"}'},SkullOwner:{Id:[I;1647954484,207572712,-1325553647,740374672],Properties:{textures:[{Value:\"eyJ0ZXh0dXJlcyI6eyJTS0lOIjp7InVybCI6Imh0dHA6Ly90ZXh0dXJlcy5taW5lY3JhZnQubmV0L3RleHR1cmUvM2U2OGRjNTlkYmU3NjdhNTI4MzE2NGUzYzk0YWNjMTRiYWRkMzRhODU3Y2VjMWE2YzlmMjZhMjhjZWQyOWM4MyJ9fX0=\"}]}}}"
            }
          ],
          "conditions": [
            {
              "condition": "minecraft:random_chance",
              "chance": 0.2
            },
            {
              "condition": "minecraft:entity_properties",
              "entity": "this",
              "predicate": {
                "type_specific": {
                  "type": "axolotl",
                  "variant": "blue"
                }
              }
            }
          ]
        }
      ]
    }
  ],
  "random_sequence": "minecraft:entities/axolotl"
}