{
  "type": "minecraft:entity",
      "pools": [
        {
          "rolls": 1,
          "entries": [
            {
              "type": "minecraft:item",
              "name": "minecraft:player_head",
              "functions": [
                {
                  "function": "minecraft:set_nbt",
                  "tag": "{display:{Name:'{\"text\":\"Camel\"}'},SkullOwner:{Id:[I;621780053,-790216079,-2029030100,1148459574],Properties:{textures:[{Value:\"eyJ0ZXh0dXJlcyI6eyJTS0lOIjp7InVybCI6Imh0dHA6Ly90ZXh0dXJlcy5taW5lY3JhZnQubmV0L3RleHR1cmUvNzRiOGEzMzNkZmE5MmU3ZTVhOTVhZDRhZTJkODRiMWJhZmEzM2RjMjhjMDU0OTI1Mjc3ZjYwZTc5ZGFmYzhjNCJ9fX0=\"}]}}}"
                }
              ],
              "conditions": [
                {
                  "condition": "minecraft:random_chance",
                  "chance": 0.2
                }
              ]
            }
          ]
        }
      ],
  "random_sequence": "minecraft:entities/camel"
}