{
  "type": "minecraft:entity",
  "pools": [
    {
      "bonus_rolls": 0.0,
      "entries": [
        {
          "type": "minecraft:item",
          "functions": [
            {
              "add": false,
              "count": {
                "type": "minecraft:uniform",
                "max": 2.0,
                "min": 0.0
              },
              "function": "minecraft:set_count"
            }
          ],
          "name": "minecraft:string"
        }
      ],
      "rolls": 1.0
    },
    {
      "rolls": 1,
      "entries": [
        {
          "type": "minecraft:item",
          "name": "minecraft:player_head",
          "functions": [
            {
              "function": "minecraft:set_nbt",
              "tag": "{display:{Name:'{\"text\":\"Cat (black)\"}'},SkullOwner:{Id:[I;-1727609277,1432567941,-1230494664,1429913775],Properties:{textures:[{Value:\"eyJ0ZXh0dXJlcyI6eyJTS0lOIjp7InVybCI6Imh0dHA6Ly90ZXh0dXJlcy5taW5lY3JhZnQubmV0L3RleHR1cmUvNTkzZDkwYWNjNjBjNTNhNzI1MzFjN2NhNjUyYjNmMTE3Njk5ZjZhOWMyMDZjMzkxYjIzYjlmN2ViYWVlNTQwYSJ9fX0=\"}]}}}"
            }
          ],
          "conditions": [
            {
              "condition": "minecraft:random_chance",
              "chance": 0.2
            },
            {
              "condition": "minecraft:entity_properties",
              "entity": "this",
              "predicate": {
                "type_specific": {
                  "type": "cat",
                  "variant": "minecraft:all_black"
                }
              }
            }
          ]
        },
        {
          "type": "minecraft:item",
          "name": "minecraft:player_head",
          "functions": [
            {
              "function": "minecraft:set_nbt",
              "tag": "{display:{Name:'{\"text\":\"Cat (british shorthair)\"}'},SkullOwner:{Id:[I;1771976468,81085564,-1650253802,412825169],Properties:{textures:[{Value:\"eyJ0ZXh0dXJlcyI6eyJTS0lOIjp7InVybCI6Imh0dHA6Ly90ZXh0dXJlcy5taW5lY3JhZnQubmV0L3RleHR1cmUvNDBkOWEwOGYwNWM4ZGY2YjBmMzc2ZjVlNmU2M2QwMWM5M2Y0YTgyYWQ3Y2UyY2NlZjFiMDg2NzRlZTBlNzMzNiJ9fX0=\"}]}}}"
            }
          ],
          "conditions": [
            {
              "condition": "minecraft:random_chance",
              "chance": 0.2
            },
            {
              "condition": "minecraft:entity_properties",
              "entity": "this",
              "predicate": {
                "type_specific": {
                  "type": "cat",
                  "variant": "minecraft:british_shorthair"
                }
              }
            }
          ]
        },
        {
          "type": "minecraft:item",
          "name": "minecraft:player_head",
          "functions": [
            {
              "function": "minecraft:set_nbt",
              "tag": "{display:{Name:'{\"text\":\"Cat (calico)\"}'},SkullOwner:{Id:[I;-1837852350,1830569731,-1509670584,1959039467],Properties:{textures:[{Value:\"eyJ0ZXh0dXJlcyI6eyJTS0lOIjp7InVybCI6Imh0dHA6Ly90ZXh0dXJlcy5taW5lY3JhZnQubmV0L3RleHR1cmUvZjNmYTU2MGRhNTNiMGZmYTkyYzczNWViZTA0OWE1NjIzNTUyM2I5Y2I1Y2QxMDI2OWRmOTAyY2MyMDUyYWUyMiJ9fX0=\"}]}}}"
            }
          ],
          "conditions": [
            {
              "condition": "minecraft:random_chance",
              "chance": 0.2
            },
            {
              "condition": "minecraft:entity_properties",
              "entity": "this",
              "predicate": {
                "type_specific": {
                  "type": "cat",
                  "variant": "minecraft:calico"
                }
              }
            }
          ]
        },
        {
          "type": "minecraft:item",
          "name": "minecraft:player_head",
          "functions": [
            {
              "function": "minecraft:set_nbt",
              "tag": "{display:{Name:'{\"text\":\"Cat (jellie)\"}'},SkullOwner:{Id:[I;178268303,2091270258,-1881042217,-34878996],Properties:{textures:[{Value:\"eyJ0ZXh0dXJlcyI6eyJTS0lOIjp7InVybCI6Imh0dHA6Ly90ZXh0dXJlcy5taW5lY3JhZnQubmV0L3RleHR1cmUvZWUwMDNjMzVhZGEzMGM2MGFhNzgyNjQzNzE0YjU0N2U0NzRhNjcwYmE0MjcwNzEyMjFlNzE0NTA3NWQwODQ3MCJ9fX0=\"}]}}} "
            }
          ],
          "conditions": [
            {
              "condition": "minecraft:random_chance",
              "chance": 0.2
            },
            {
              "condition": "minecraft:entity_properties",
              "entity": "this",
              "predicate": {
                "type_specific": {
                  "type": "cat",
                  "variant": "minecraft:jellie"
                }
              }
            }
          ]
        },
        {
          "type": "minecraft:item",
          "name": "minecraft:player_head",
          "functions": [
            {
              "function": "minecraft:set_nbt",
              "tag": "{display:{Name:'{\"text\":\"Cat (persian)\"}'},SkullOwner:{Id:[I;1475818917,-685683863,-1242804075,2023306880],Properties:{textures:[{Value:\"eyJ0ZXh0dXJlcyI6eyJTS0lOIjp7InVybCI6Imh0dHA6Ly90ZXh0dXJlcy5taW5lY3JhZnQubmV0L3RleHR1cmUvOTE4YjFmZjM2ZDc2MWM0NDkzNDBhNjgyZTc4NWI1YzQ1MzU1ZGY0MGFhOGNmYzUyYmIxZGZiZDU0MmJiNzY4NiJ9fX0=\"}]}}}"
            }
          ],
          "conditions": [
            {
              "condition": "minecraft:random_chance",
              "chance": 0.2
            },
            {
              "condition": "minecraft:entity_properties",
              "entity": "this",
              "predicate": {
                "type_specific": {
                  "type": "cat",
                  "variant": "minecraft:persian"
                }
              }
            }
          ]
        },
        {
          "type": "minecraft:item",
          "name": "minecraft:player_head",
          "functions": [
            {
              "function": "minecraft:set_nbt",
              "tag": "{display:{Name:'{\"text\":\"Cat (ragdoll)\"}'},SkullOwner:{Id:[I;-1590731997,574180817,-1768611041,-873553841],Properties:{textures:[{Value:\"eyJ0ZXh0dXJlcyI6eyJTS0lOIjp7InVybCI6Imh0dHA6Ly90ZXh0dXJlcy5taW5lY3JhZnQubmV0L3RleHR1cmUvNjY3MzkyZjc4NGE5ODhiOTg5YTc1NDQ2MjIwMDA4MzEzNzNlZDJhYjVhZmM0NGE0ZWQ0ZWEzZTY0MTkyNzYxNCJ9fX0=\"}]}}}"
            }
          ],
          "conditions": [
            {
              "condition": "minecraft:random_chance",
              "chance": 0.2
            },
            {
              "condition": "minecraft:entity_properties",
              "entity": "this",
              "predicate": {
                "type_specific": {
                  "type": "cat",
                  "variant": "minecraft:ragdoll"
                }
              }
            }
          ]
        },
        {
          "type": "minecraft:item",
          "name": "minecraft:player_head",
          "functions": [
            {
              "function": "minecraft:set_nbt",
              "tag": "{display:{Name:'{\"text\":\"Cat (red)\"}'},SkullOwner:{Id:[I;337885298,-916894539,-1484321491,-897249340],Properties:{textures:[{Value:\"eyJ0ZXh0dXJlcyI6eyJTS0lOIjp7InVybCI6Imh0dHA6Ly90ZXh0dXJlcy5taW5lY3JhZnQubmV0L3RleHR1cmUvMmZlZThmOTQzYjdmNDVkNzNiMmVlNTg5ODdjYWJmZDQ5ZDVlYTkxNTNjMDA4MWQ3YTk5OWFiN2Q2MTdhYzMzMyJ9fX0=\"}]}}}"
            }
          ],
          "conditions": [
            {
              "condition": "minecraft:random_chance",
              "chance": 0.2
            },
            {
              "condition": "minecraft:entity_properties",
              "entity": "this",
              "predicate": {
                "type_specific": {
                  "type": "cat",
                  "variant": "minecraft:red"
                }
              }
            }
          ]
        },
        {
          "type": "minecraft:item",
          "name": "minecraft:player_head",
          "functions": [
            {
              "function": "minecraft:set_nbt",
              "tag": "{display:{Name:'{\"text\":\"Cat (siamese)\"}'},SkullOwner:{Id:[I;1565658611,-562936400,-1514245344,-228195547],Properties:{textures:[{Value:\"eyJ0ZXh0dXJlcyI6eyJTS0lOIjp7InVybCI6Imh0dHA6Ly90ZXh0dXJlcy5taW5lY3JhZnQubmV0L3RleHR1cmUvNmU5MTFlMjRjODU1M2ZlYWQ1YTJmMGEwZWM1OWM0YWY2MmYxMjZhZTcwZDZiZWQyNjFhZWQ0Zjk5YzE0YjQ5MiJ9fX0=\"}]}}}"
            }
          ],
          "conditions": [
            {
              "condition": "minecraft:random_chance",
              "chance": 0.2
            },
            {
              "condition": "minecraft:entity_properties",
              "entity": "this",
              "predicate": {
                "type_specific": {
                  "type": "cat",
                  "variant": "minecraft:siamese"
                }
              }
            }
          ]
        },
        {
          "type": "minecraft:item",
          "name": "minecraft:player_head",
          "functions": [
            {
              "function": "minecraft:set_nbt",
              "tag": "{display:{Name:'{\"text\":\"Cat (tabby)\"}'},SkullOwner:{Id:[I;609399601,1695502262,-1359056225,-1504271051],Properties:{textures:[{Value:\"eyJ0ZXh0dXJlcyI6eyJTS0lOIjp7InVybCI6Imh0dHA6Ly90ZXh0dXJlcy5taW5lY3JhZnQubmV0L3RleHR1cmUvMTIxMGZiMGRlYTUwNWQwNmUyNjM2Y2FkMDQ2YzZlMjdkOGU0OTk4YTc1MjllYjZhZGQyZjI5MTMwMjJkM2Q1OSJ9fX0=\"}]}}}"
            }
          ],
          "conditions": [
            {
              "condition": "minecraft:random_chance",
              "chance": 0.2
            },
            {
              "condition": "minecraft:entity_properties",
              "entity": "this",
              "predicate": {
                "type_specific": {
                  "type": "cat",
                  "variant": "minecraft:tabby"
                }
              }
            }
          ]
        },
        {
          "type": "minecraft:item",
          "name": "minecraft:player_head",
          "functions": [
            {
              "function": "minecraft:set_nbt",
              "tag": "{display:{Name:'{\"text\":\"Cat (white)\"}'},SkullOwner:{Id:[I;298109615,-1492301410,-1720394654,-1685290413],Properties:{textures:[{Value:\"eyJ0ZXh0dXJlcyI6eyJTS0lOIjp7InVybCI6Imh0dHA6Ly90ZXh0dXJlcy5taW5lY3JhZnQubmV0L3RleHR1cmUvNWUzYmJhZTVhYWQxNDg2MjRjNjAyYjY4MGVmMDA3ZjAxNWYyNGU5Yjk0YTI2Mzg0ZTVjNjYzNWU1ZmVhNDM4OSJ9fX0=\"}]}}}"
            }
          ],
          "conditions": [
            {
              "condition": "minecraft:random_chance",
              "chance": 0.2
            },
            {
              "condition": "minecraft:entity_properties",
              "entity": "this",
              "predicate": {
                "type_specific": {
                  "type": "cat",
                  "variant": "minecraft:white"
                }
              }
            }
          ]
        },
        {
          "type": "minecraft:item",
          "name": "minecraft:player_head",
          "functions": [
            {
              "function": "minecraft:set_nbt",
              "tag": "{display:{Name:'{\"text\":\"Cat (tuxedo)\"}'},SkullOwner:{Id:[I;-1436897141,779505347,-1626494550,-1096771157],Properties:{textures:[{Value:\"eyJ0ZXh0dXJlcyI6eyJTS0lOIjp7InVybCI6Imh0dHA6Ly90ZXh0dXJlcy5taW5lY3JhZnQubmV0L3RleHR1cmUvOWViYTExYzBhN2Q5MDg4ZWJlMmM2NTlmMTkxMjQzZTQwOGVjOTRjYjBlY2FiZWRiYjQxYWExOWYyYjhkOTAyMyJ9fX0=\"}]}}}"
            }
          ],
          "conditions": [
            {
              "condition": "minecraft:random_chance",
              "chance": 0.2
            },
            {
              "condition": "minecraft:entity_properties",
              "entity": "this",
              "predicate": {
                "type_specific": {
                  "type": "cat",
                  "variant": "minecraft:black"
                }
              }
            }
          ]
        }
      ]
    }
  ],
  "random_sequence": "minecraft:entities/cat"
}