{
  "type": "minecraft:entity",
  "pools": [
    {
      "rolls": 1,
      "entries": [
        {
          "type": "minecraft:item",
          "name": "minecraft:player_head",
          "functions": [
            {
              "function": "minecraft:set_nbt",
              "tag": "{display:{Name:'{\"text\":\"Cold Frog\"}'},SkullOwner:{Id:[I;2027783430,-1881519299,-2008919016,-865785471],Properties:{textures:[{Value:\"eyJ0ZXh0dXJlcyI6eyJTS0lOIjp7InVybCI6Imh0dHA6Ly90ZXh0dXJlcy5taW5lY3JhZnQubmV0L3RleHR1cmUvNDU4NTJhOTU5Mjg4OTc3NDYwMTI5ODhmYmQ1ZGJhYTFiNzBiN2E1ZmI2NTE1NzAxNmY0ZmYzZjI0NTM3NGMwOCJ9fX0=\"}]}}}"
            }
          ],
          "conditions": [
            {
              "condition": "minecraft:random_chance",
              "chance": 0.1
            },
            {
              "condition": "minecraft:entity_properties",
              "entity": "this",
              "predicate": {
                "type_specific": {
                  "type": "frog",
                  "variant": "minecraft:cold"
                }
              }
            }
          ]
        },
        {
          "type": "minecraft:item",
          "name": "minecraft:player_head",
          "functions": [
            {
              "function": "minecraft:set_nbt",
              "tag": "{display:{Name:'{\"text\":\"Temperate Frog\"}'},SkullOwner:{Id:[I;-1712625259,-2080355400,-1143664436,-1264327493],Properties:{textures:[{Value:\"eyJ0ZXh0dXJlcyI6eyJTS0lOIjp7InVybCI6Imh0dHA6Ly90ZXh0dXJlcy5taW5lY3JhZnQubmV0L3RleHR1cmUvMmNhNGE4ZTQ5NDU4MmM2MmFhYTJjOTI0NzRiMTZkNjljZDYzYmFhM2QzZjUwYTRiNjMxZDY1NTljYTBmMzNmNSJ9fX0=\"}]}}}"
            }
          ],
          "conditions": [
            {
              "condition": "minecraft:random_chance",
              "chance": 0.1
            },
            {
              "condition": "minecraft:entity_properties",
              "entity": "this",
              "predicate": {
                "type_specific": {
                  "type": "frog",
                  "variant": "minecraft:temperate"
                }
              }
            }
          ]
        },
        {
          "type": "minecraft:item",
          "name": "minecraft:player_head",
          "functions": [
            {
              "function": "minecraft:set_nbt",
              "tag": "{display:{Name:'{\"text\":\"Warm Frog\"}'},SkullOwner:{Id:[I;1751171974,-1820507473,-1603456770,1204577294],Properties:{textures:[{Value:\"eyJ0ZXh0dXJlcyI6eyJTS0lOIjp7InVybCI6Imh0dHA6Ly90ZXh0dXJlcy5taW5lY3JhZnQubmV0L3RleHR1cmUvNGU4NjMzMmJkZDg1NjdlMzk2MDVmMGQxMWJhZTJlNDVlODYwM2E2ZDcxZGEwNjIwOGQ4MWFhM2U3ZTM5NzFjZCJ9fX0=\"}]}}}"
            }
          ],
          "conditions": [
            {
              "condition": "minecraft:random_chance",
              "chance": 0.1
            },
            {
              "condition": "minecraft:entity_properties",
              "entity": "this",
              "predicate": {
                "type_specific": {
                  "type": "frog",
                  "variant": "minecraft:warm"
                }
              }
            }
          ]
        }
      ]
    }
  ],
  "random_sequence": "minecraft:entities/frog"
}