{
  "type": "minecraft:entity",
  "pools": [
    {
      "rolls": 1,
      "entries": [
        {
          "type": "minecraft:item",
          "name": "minecraft:player_head",
          "functions": [
            {
              "function": "minecraft:set_nbt",
              "tag": "{display:{Name:'{\"text\":\"Illusioner\"}'},SkullOwner:{Id:[I;1599855440,1082867889,-1786092617,1408092924],Properties:{textures:[{Value:\"eyJ0ZXh0dXJlcyI6eyJTS0lOIjp7InVybCI6Imh0dHA6Ly90ZXh0dXJlcy5taW5lY3JhZnQubmV0L3RleHR1cmUvNDYzOWQzMjVmNDQ5NDI1OGE0NzNhOTNhM2I0N2YzNGEwYzUxYjNmY2VhZjU5ZmVlODcyMDVhNWU3ZmYzMWY2OCJ9fX0=\"}]}}}"
            }
          ],
          "conditions": [
            {
              "condition": "minecraft:random_chance",
              "chance": 0.2
            }
          ]
        }
      ]
    }
  ],
  "random_sequence": "minecraft:entities/illusioner"
}