{
  "type": "minecraft:entity",
  "pools": [
    {
      "bonus_rolls": 0.0,
      "entries": [
        {
          "type": "minecraft:item",
          "functions": [
            {
              "add": false,
              "count": 1.0,
              "function": "minecraft:set_count"
            }
          ],
          "name": "minecraft:bamboo"
        }
      ],
      "rolls": 1.0
    },
    {
      "rolls": 1,
      "entries": [
        {
          "type": "minecraft:item",
          "name": "minecraft:player_head",
          "functions": [
            {
              "function": "minecraft:set_nbt",
              "tag": "{display:{Name:'{\"text\":\"Panda\"}'},SkullOwner:{Id:[I;1648193673,1096304930,-1387458717,923627530],Properties:{textures:[{Value:\"eyJ0ZXh0dXJlcyI6eyJTS0lOIjp7InVybCI6Imh0dHA6Ly90ZXh0dXJlcy5taW5lY3JhZnQubmV0L3RleHR1cmUvYmE2ZTNhZDgyM2Y5NmQ0YTgwYTE0NTU2ZDhjOWM3NjMyMTYzYmJkMmE4NzZjMDExOGI0NTg5MjVkODdhNTUxMyJ9fX0=\"}]}}}"
            }
          ],
          "conditions": [
            {
              "condition": "minecraft:random_chance",
              "chance": 0.2
            },
            {
              "condition": "minecraft:entity_properties",
              "entity": "this",
              "predicate": {
                "type": "minecraft:panda",
                "nbt": "{MainGene:\"normal\"}"
              }
            }
          ]
        },
        {
          "type": "minecraft:item",
          "name": "minecraft:player_head",
          "functions": [
            {
              "function": "minecraft:set_nbt",
              "tag": "{display:{Name:'{\"text\":\"Brown Panda\"}'},SkullOwner:{Id:[I;-2102769737,-837531619,-1211653664,1137661308],Properties:{textures:[{Value:\"eyJ0ZXh0dXJlcyI6eyJTS0lOIjp7InVybCI6Imh0dHA6Ly90ZXh0dXJlcy5taW5lY3JhZnQubmV0L3RleHR1cmUvYjRmN2M3M2ZkYTZhMzRjZjhiZTRjNzkwN2RkMGY1ZjA4NjVkZDc3ZmQ4ODJmYzYzMzU2MzY0OWM1NzUxN2NhZSJ9fX0=\"}]}}}"
            }
          ],
          "conditions": [
            {
              "condition": "minecraft:random_chance",
              "chance": 0.2
            },
            {
              "condition": "minecraft:entity_properties",
              "entity": "this",
              "predicate": {
                "type": "minecraft:panda",
                "nbt": "{MainGene:\"brown\"}"
              }
            }
          ]
        },
        {
          "type": "minecraft:item",
          "name": "minecraft:player_head",
          "functions": [
            {
              "function": "minecraft:set_nbt",
              "tag": "{display:{Name:'{\"text\":\"Weak Panda\"}'},SkullOwner:{Id:[I;-921749140,1022708405,-1625584124,-310730077],Properties:{textures:[{Value:\"eyJ0ZXh0dXJlcyI6eyJTS0lOIjp7InVybCI6Imh0dHA6Ly90ZXh0dXJlcy5taW5lY3JhZnQubmV0L3RleHR1cmUvZDY3MjE5YTQ2ZDM5NTdlMzI5MmI4MWQyZTI4Zjg2YzYzNTAxZWNiNjY3M2FjZTMyNjAzNWI1MjI5YmQ4ZGI0YSJ9fX0=\"}]}}}"
            }
          ],
          "conditions": [
            {
              "condition": "minecraft:random_chance",
              "chance": 0.2
            },
            {
              "condition": "minecraft:entity_properties",
              "entity": "this",
              "predicate": {
                "type": "minecraft:panda",
                "nbt": "{MainGene:\"weak\"}"
              }
            }
          ]
        },
        {
          "type": "minecraft:item",
          "name": "minecraft:player_head",
          "functions": [
            {
              "function": "minecraft:set_nbt",
              "tag": "{display:{Name:'{\"text\":\"Worried Panda\"}'},SkullOwner:{Id:[I;-1645630299,-1047245358,-1833569590,-1600223514],Properties:{textures:[{Value:\"eyJ0ZXh0dXJlcyI6eyJTS0lOIjp7InVybCI6Imh0dHA6Ly90ZXh0dXJlcy5taW5lY3JhZnQubmV0L3RleHR1cmUvMjI2NjY3MmU0YmE1NGM1YzBiZTU5ZTA0NjFhNmUzMmVhMGE3Y2YxMTVkNzExODY3ZDI5MjJlZTljYTUyMzY5MCJ9fX0=\"}]}}}"
            }
          ],
          "conditions": [
            {
              "condition": "minecraft:random_chance",
              "chance": 0.2
            },
            {
              "condition": "minecraft:entity_properties",
              "entity": "this",
              "predicate": {
                "type": "minecraft:panda",
                "nbt": "{MainGene:\"worried\"}"
              }
            }
          ]
        },
        {
          "type": "minecraft:item",
          "name": "minecraft:player_head",
          "functions": [
            {
              "function": "minecraft:set_nbt",
              "tag": "{display:{Name:'{\"text\":\"Playful Panda\"}'},SkullOwner:{Id:[I;1896017456,-1233435194,-1435507672,-677697807],Properties:{textures:[{Value:\"eyJ0ZXh0dXJlcyI6eyJTS0lOIjp7InVybCI6Imh0dHA6Ly90ZXh0dXJlcy5taW5lY3JhZnQubmV0L3RleHR1cmUvOWZjMTUyNzI0NmZkYTNlODMxMTI1MzQ0MTRiZGJjYzNjMTBmM2JhNWNmMDhlNDdhZjQ4YTE4ZTc2ZWUxNDhmZCJ9fX0=\"}]}}}"
            }
          ],
          "conditions": [
            {
              "condition": "minecraft:random_chance",
              "chance": 0.2
            },
            {
              "condition": "minecraft:entity_properties",
              "entity": "this",
              "predicate": {
                "type": "minecraft:panda",
                "nbt": "{MainGene:\"playful\"}"
              }
            }
          ]
        },
        {
          "type": "minecraft:item",
          "name": "minecraft:player_head",
          "functions": [
            {
              "function": "minecraft:set_nbt",
              "tag": "{display:{Name:'{\"text\":\"Lazy Panda\"}'},SkullOwner:{Id:[I;-215865452,-937996816,-1512558577,-1679126400],Properties:{textures:[{Value:\"eyJ0ZXh0dXJlcyI6eyJTS0lOIjp7InVybCI6Imh0dHA6Ly90ZXh0dXJlcy5taW5lY3JhZnQubmV0L3RleHR1cmUvOTYyYTAyNGU4NzFiZmIyZWI5OTVkYWQyMWU5ZTcwNDg5MDQzZDNjYmM3M2Q3ZmE1NTIwYWViNzY1OTkzMzQ3In19fQ==\"}]}}}"
            }
          ],
          "conditions": [
            {
              "condition": "minecraft:random_chance",
              "chance": 0.2
            },
            {
              "condition": "minecraft:entity_properties",
              "entity": "this",
              "predicate": {
                "type": "minecraft:panda",
                "nbt": "{MainGene:\"lazy\"}"
              }
            }
          ]
        },
        {
          "type": "minecraft:item",
          "name": "minecraft:player_head",
          "functions": [
            {
              "function": "minecraft:set_nbt",
              "tag": "{display:{Name:'{\"text\":\"Aggressive Panda\"}'},SkullOwner:{Id:[I;-1311468789,-171489966,-1882930538,479594878],Properties:{textures:[{Value:\"eyJ0ZXh0dXJlcyI6eyJTS0lOIjp7InVybCI6Imh0dHA6Ly90ZXh0dXJlcy5taW5lY3JhZnQubmV0L3RleHR1cmUvNTg4MGUyMzY0OTRlNzEzNWRiOGVjNDVmNjRiYTkyNDljYWRiOTRhNWMxYTdhNTE1N2YzZTAyYjAxYmZkYjBmNiJ9fX0=\"}]}}}"
            }
          ],
          "conditions": [
            {
              "condition": "minecraft:random_chance",
              "chance": 0.2
            },
            {
              "condition": "minecraft:entity_properties",
              "entity": "this",
              "predicate": {
                "type": "minecraft:panda",
                "nbt": "{MainGene:\"aggressive\"}"
              }
            }
          ]
        }
      ]
    }
  ],
  "random_sequence": "minecraft:entities/panda"
}