{
  "type": "minecraft:entity",
  "pools": [
    {
      "rolls": 1,
      "entries": [
        {
          "type": "minecraft:item",
          "name": "minecraft:player_head",
          "functions": [
            {
              "function": "minecraft:set_nbt",
              "tag": "{display:{Name:'{\"text\":\"Pillager\"}'},SkullOwner:{Id:[I;-81659728,-65647709,-1396215731,-1911514716],Properties:{textures:[{Value:\"eyJ0ZXh0dXJlcyI6eyJTS0lOIjp7InVybCI6Imh0dHA6Ly90ZXh0dXJlcy5taW5lY3JhZnQubmV0L3RleHR1cmUvMThlNTc4NDE2MDdmNDQ5ZTc2YjdjODIwZmNiZDE5MTNlYzFiODBjNGFjODE3Mjg4NzRkYjIzMGY1ZGYyYjNiIn19fQ==\"}]}}}"
            }
          ],
          "conditions": [
            {
              "condition": "minecraft:random_chance",
              "chance": 0.1
            }
          ]
        }
      ]
    }
  ],
  "random_sequence": "minecraft:entities/pillager"
}