{
  "type": "minecraft:entity",
  "pools": [
    {
      "bonus_rolls": 0.0,
      "conditions": [
        {
          "chance": 0.5,
          "condition": "minecraft:random_chance_with_looting",
          "looting_multiplier": 0.0625
        }
      ],
      "entries": [
        {
          "type": "minecraft:item",
          "name": "minecraft:shulker_shell"
        }
      ],
      "rolls": 1.0
    },
    {
      "rolls": 1,
      "entries": [
        {
          "type": "minecraft:item",
          "name": "minecraft:player_head",
          "functions": [
            {
              "function": "minecraft:set_nbt",
              "tag": "{display:{Name:'{\"text\":\"Shulker\"}'},SkullOwner:{Id:[I;-58375745,-420788112,-1300098878,-705227407],Properties:{textures:[{Value:\"eyJ0ZXh0dXJlcyI6eyJTS0lOIjp7InVybCI6Imh0dHA6Ly90ZXh0dXJlcy5taW5lY3JhZnQubmV0L3RleHR1cmUvNzY2NDA1MzBkOThkYjkzNGZjNWI5NTVlYTIzYzExYzgwYzRmZGFkMDYxMDAxZThhMjkxM2UzODM5MGRmNjlhNiJ9fX0=\"}]}}}"
            }
          ],
          "conditions": [
            {
              "condition": "minecraft:random_chance",
              "chance": 0.2
            }
          ]
        }
      ]
    }
  ],
  "random_sequence": "minecraft:entities/shulker"
}