{
  "type": "minecraft:entity",
  "pools": [
    {
      "rolls": 1,
      "entries": [
        {
          "type": "minecraft:item",
          "name": "minecraft:player_head",
          "functions": [
            {
              "function": "minecraft:set_nbt",
              "tag": "{display:{Name:'{\"text\":\"Sniffer\"}'},SkullOwner:{Id:[I;-1126623494,744768057,-1978495903,-1031262652],Properties:{textures:[{Value:\"eyJ0ZXh0dXJlcyI6eyJTS0lOIjp7InVybCI6Imh0dHA6Ly90ZXh0dXJlcy5taW5lY3JhZnQubmV0L3RleHR1cmUvZmU1YTgzNDFjNDc4YTEzNDMwMjk4MWU2YTc3NThlYTRlY2ZkOGQ2MmEwZGY0MDY3ODk3ZTc1NTAyZjliMjVkZSJ9fX0=\"}]}}}"
            }
          ],
          "conditions": [
            {
              "condition": "minecraft:random_chance",
              "chance": 0.3
            }
          ]
        }
      ]
    }
  ],
  "random_sequence": "minecraft:entities/sniffer"
}