{
  "type": "minecraft:entity",
  "pools": [
    {
      "bonus_rolls": 0.0,
      "entries": [
        {
          "type": "minecraft:item",
          "functions": [
            {
              "add": false,
              "count": {
                "type": "minecraft:uniform",
                "max": 2.0,
                "min": 0.0
              },
              "function": "minecraft:set_count"
            },
            {
              "count": {
                "type": "minecraft:uniform",
                "max": 1.0,
                "min": 0.0
              },
              "function": "minecraft:looting_enchant"
            }
          ],
          "name": "minecraft:leather"
        }
      ],
      "rolls": 1.0
    },
    {
      "rolls": 1,
      "entries": [
        {
          "type": "minecraft:item",
          "name": "minecraft:player_head",
          "functions": [
            {
              "function": "minecraft:set_nbt",
              "tag": "{display:{Name:'{\"text\":\"White Trader Llama\"}'},SkullOwner:{Id:[I;987919522,1934050171,-1446023786,-2114938911],Properties:{textures:[{Value:\"eyJ0ZXh0dXJlcyI6eyJTS0lOIjp7InVybCI6Imh0dHA6Ly90ZXh0dXJlcy5taW5lY3JhZnQubmV0L3RleHR1cmUvMTVhZDZiNjljYzZiNDc2OWQzNTE2YTBjZTk4Yjk5YjJhNWQ0MDZmZWE0OTEyZGVjNTcwZWE0YTRmMmJjYzBmZiJ9fX0=\"}]}}}"
            }
          ],
          "conditions": [
            {
              "condition": "minecraft:random_chance",
              "chance": 0.2
            },
            {
              "condition": "minecraft:entity_properties",
              "entity": "this",
              "predicate": {
                "type": "minecraft:trader_llama",
                "nbt": "{Variant:1}"
              }
            }
          ]
        },
        {
          "type": "minecraft:item",
          "name": "minecraft:player_head",
          "functions": [
            {
              "function": "minecraft:set_nbt",
              "tag": "{display:{Name:'{\"text\":\"Brown Trader Llama\"}'},SkullOwner:{Id:[I;-1002363691,1323910903,-2066858296,-1781172850],Properties:{textures:[{Value:\"eyJ0ZXh0dXJlcyI6eyJTS0lOIjp7InVybCI6Imh0dHA6Ly90ZXh0dXJlcy5taW5lY3JhZnQubmV0L3RleHR1cmUvNWE0ZWVkODU2OTdjNzhmNDYyYzRlYjU2NTNiMDViNzY1NzZjMTE3OGY3MDRmM2M1Njc2ZjUwNWQ4ZjM5ODNiNCJ9fX0=\"}]}}}"
            }
          ],
          "conditions": [
            {
              "condition": "minecraft:random_chance",
              "chance": 0.2
            },
            {
              "condition": "minecraft:entity_properties",
              "entity": "this",
              "predicate": {
                "type": "minecraft:trader_llama",
                "nbt": "{Variant:2}"
              }
            }
          ]
        },
        {
          "type": "minecraft:item",
          "name": "minecraft:player_head",
          "functions": [
            {
              "function": "minecraft:set_nbt",
              "tag": "{display:{Name:'{\"text\":\"Creamy Trader Llama\"}'},SkullOwner:{Id:[I;-1208012849,-228898058,-1798521208,1995825462],Properties:{textures:[{Value:\"eyJ0ZXh0dXJlcyI6eyJTS0lOIjp7InVybCI6Imh0dHA6Ly90ZXh0dXJlcy5taW5lY3JhZnQubmV0L3RleHR1cmUvNTYzMDdmNDJmYzg4ZWJjMjExZTA0ZWEyYmI0ZDI0N2I3NDI4YjcxMWRmOWE0ZTBjNmQxYjkyMTU4OWU0NDNhMSJ9fX0=\"}]}}}"
            }
          ],
          "conditions": [
            {
              "condition": "minecraft:random_chance",
              "chance": 0.2
            },
            {
              "condition": "minecraft:entity_properties",
              "entity": "this",
              "predicate": {
                "type": "minecraft:trader_llama",
                "nbt": "{Variant:0}"
              }
            }
          ]
        },
        {
          "type": "minecraft:item",
          "name": "minecraft:player_head",
          "functions": [
            {
              "function": "minecraft:set_nbt",
              "tag": "{display:{Name:'{\"text\":\"Gray Trader Llama\"}'},SkullOwner:{Id:[I;-115618488,2116568856,-1549665512,1624898953],Properties:{textures:[{Value:\"eyJ0ZXh0dXJlcyI6eyJTS0lOIjp7InVybCI6Imh0dHA6Ly90ZXh0dXJlcy5taW5lY3JhZnQubmV0L3RleHR1cmUvMjBmZGZhNjBjNjI0ZmI2NjdjODMxM2IyZmIxZGFiNDBlMGFkMmU2ZTQ2OWI1NjdiZjU5NmFkMjYzOTIzMTljNSJ9fX0=\"}]}}}"
            }
          ],
          "conditions": [
            {
              "condition": "minecraft:random_chance",
              "chance": 0.2
            },
            {
              "condition": "minecraft:entity_properties",
              "entity": "this",
              "predicate": {
                "type": "minecraft:trader_llama",
                "nbt": "{Variant:3}"
              }
            }
          ]
        }
      ]
    }
  ],
  "random_sequence": "minecraft:entities/trader_llama"
}