{
  "type": "minecraft:entity",
  "pools": [
    {
      "rolls": 1,
      "entries": [
        {
          "type": "minecraft:item",
          "name": "minecraft:player_head",
          "functions": [
            {
              "function": "minecraft:set_nbt",
              "tag": "{display:{Name:'{\"text\":\"Wandering Trader\"}'},SkullOwner:{Id:[I;716333062,-607564695,-1321581293,-633659308],Properties:{textures:[{Value:\"eyJ0ZXh0dXJlcyI6eyJTS0lOIjp7InVybCI6Imh0dHA6Ly90ZXh0dXJlcy5taW5lY3JhZnQubmV0L3RleHR1cmUvZWUwMTFhYWM4MTcyNTlmMmI0OGRhM2U1ZWYyNjYwOTQ3MDM4NjY2MDhiM2Q3ZDE3NTQ0MzJiZjI0OWNkMjIzNCJ9fX0=\"}]}}}"
            }
          ],
          "conditions": [
            {
              "condition": "minecraft:random_chance",
              "chance": 0.2
            }
          ]
        }
      ]
    }
  ],
  "random_sequence": "minecraft:entities/wandering_trader"
}