{
  "type": "minecraft:entity",
  "pools": [
    {
      "rolls": 3,
      "entries": [
        {
          "type": "minecraft:item",
          "name": "minecraft:player_head",
          "functions": [
            {
              "function": "minecraft:set_nbt",
              "tag": "{display:{Name:'{\"text\":\"Wither\"}'},SkullOwner:{Id:[I;-2026216927,-1384166262,-2113639875,557215929],Properties:{textures:[{Value:\"eyJ0ZXh0dXJlcyI6eyJTS0lOIjp7InVybCI6Imh0dHA6Ly90ZXh0dXJlcy5taW5lY3JhZnQubmV0L3RleHR1cmUvNzRmMzI4ZjUwNDQxMjliNWQxZjk2YWZmZDFiOGMwNWJjZGU2YmQ4ZTc1NmFmZjVjNTAyMDU4NWVlZjhhM2RhZiJ9fX0=\"}]}}}"
            }
          ],
          "conditions": [
            {
              "condition": "minecraft:random_chance",
              "chance": 0.5
            }
          ]
        }
      ]
    }
  ],
  "random_sequence": "minecraft:entities/wither"
}