{
    "type": "minecraft:entity",
    "random_sequence": "minecraft:entities/warden",
    "pools": [
      {
        "rolls": 1,
        "entries": [
          {
            "type": "minecraft:item",
            "name": "minecraft:sculk_catalyst"
          }
        ]
      },
      {
        "rolls": 1,
        "entries": [
            {
                "type": "minecraft:alternatives",
                "children": [
                    {
                        "type": "minecraft:item",
                        "name": "minecraft:sculk_shrieker",
                        "functions": [
                            {
                                "function": "minecraft:set_nbt",
                                "tag": "{BlockStateTag:{can_summon:\"true\"}}"
                            }
                        ],
                        "conditions": [
                            {
                                "condition": "minecraft:random_chance",
                                "chance": 0.5
                            }
                        ]
                    },
                    {
                        "type": "minecraft:empty"
                    }
                ]
            }
        ],
        "conditions": [
            {
                "condition": "minecraft:killed_by_player"
            }
        ]
      },
      {
        "rolls": 1,
        "entries": [
            {
                "type": "minecraft:item",
                "name": "minecraft:netherite_scrap",
                "functions": [
                    {
                        "function": "minecraft:set_count",
                        "count": {
                            "type": "minecraft:uniform",
                            "min": 1,
                            "max": 3
                        }
                    }
                ],
                "weight": 1
            },
            {
                "type": "minecraft:item",
                "name": "minecraft:diamond",
                "functions": [
                    {
                        "function": "minecraft:set_count",
                        "count": {
                            "type": "minecraft:uniform",
                            "min": 1,
                            "max": 8
                        }
                    }
                ],
                "weight": 3
            },
            {
                "type": "minecraft:item",
                "name": "minecraft:gold_ingot",
                "functions": [
                    {
                        "function": "minecraft:set_count",
                        "count": {
                            "type": "minecraft:uniform",
                            "min": 2,
                            "max": 16
                        }
                    }
                ],
                "weight": 3
            },
            {
                "type": "minecraft:item",
                "name": "minecraft:iron_ingot",
                "functions": [
                    {
                        "function": "minecraft:set_count",
                        "count": {
                            "type": "minecraft:uniform",
                            "min": 4,
                            "max": 24
                        }
                    }
                ],
                "weight": 3
            }
        ],
        "conditions": [
            {
                "condition": "minecraft:killed_by_player"
            }
        ]
      },
      {
        "rolls": 1,
        "entries": [
            {
                "type": "group",
                "children": [
                    {
                        "type": "minecraft:group",
                        "children": [
                            {
                                "type": "minecraft:item",
                                "name": "minecraft:echo_shard",
                                "functions": [
                                    {
                                        "function": "minecraft:set_count",
                                        "count": {
                                            "type": "minecraft:uniform",
                                            "min": 3,
                                            "max": 5
                                        }
                                    }
                                ],
                                "weight": 3
                            },
                            {
                                "type": "minecraft:item",
                                "name": "minecraft:recovery_compass",
                                "weight": 1
                            }
                        ],
                        "weight": 1
                    },
                    {
                        "type": "minecraft:group",
                        "children": [
                            {
                                "type": "minecraft:item",
                                "name": "minecraft:disc_fragment_5",
                                "functions": [
                                    {
                                        "function": "minecraft:set_count",
                                        "count": {
                                            "type": "minecraft:uniform",
                                            "min": 3,
                                            "max": 5
                                        }
                                    }
                                ],
                                "weight": 3
                            },
                            {
                                "type": "minecraft:item",
                                "name": "minecraft:music_disc_5",
                                "weight": 1
                            }
                        ],
                        "weight": 1
                    }
                ]
            }
        ],
        "conditions": [
            {
                "condition": "minecraft:killed_by_player"
            }
        ]
      },
      {
        "rolls": 1,
        "entries": [
            {
                "type": "group",
                "children": [
                    {
                        "type": "item",
                        "name": "enchanted_book",
                        "functions": [
                            {
                                "function": "minecraft:set_nbt",
                                "tag": "{StoredEnchantments:[{id:\"minecraft:swift_sneak\",lvl:1s}]}"
                            }
                        ],
                        "weight": 2
                    },
                    {
                        "type": "item",
                        "name": "enchanted_book",
                        "functions": [
                            {
                                "function": "minecraft:set_nbt",
                                "tag": "{StoredEnchantments:[{id:\"minecraft:swift_sneak\",lvl:2s}]}"
                            }
                        ],
                        "weight": 2
                    },
                    {
                        "type": "item",
                        "name": "enchanted_book",
                        "functions": [
                            {
                                "function": "minecraft:set_nbt",
                                "tag": "{StoredEnchantments:[{id:\"minecraft:swift_sneak\",lvl:3s}]}"
                            }
                        ],
                        "weight": 1
                    }
                ],
                "weight": 3,
                "conditions": [
                    {
                        "condition": "minecraft:killed_by_player"
                    }
                ]
            },
            {
                "type": "minecraft:empty",
                "weight": 1
            }
        ]
      },
      {
        "rolls": 1,
        "entries": [
            {
                "type": "group",
                "children": [
                    {
                        "type": "minecraft:group",
                        "children": [
                            {
                                "type": "minecraft:item",
                                "name": "minecraft:enchanted_golden_apple"
                            }
                        ],
                        "weight": 1
                    },
                    {
                        "type": "minecraft:item",
                        "name": "minecraft:golden_apple",
                        "functions": [
                            {
                                "function": "minecraft:set_count",
                                "count": {
                                    "type": "minecraft:uniform",
                                    "min": 1,
                                    "max": 6
                                }
                            }
                        ],
                        "weight": 3
                    }
                ],
                "weight": 1
            },
            {
                "type": "empty",
                "weight": 1
            }
        ],
        "conditions": [
            {
                "condition": "minecraft:killed_by_player"
            }
        ]
      },
      {
        "rolls": 1,
        "entries": [
            {
                "type": "item",
                "name": "minecraft:ward_armor_trim_smithing_template",
                "functions": [
                    {
                        "function": "minecraft:set_count",
                        "count": {
                            "type": "minecraft:uniform",
                            "min": 1,
                            "max": 3
                        }
                    }
                ],
                "weight": 1
            },
            {
                "type": "item",
                "name": "minecraft:silence_armor_trim_smithing_template",
                "functions": [
                    {
                        "function": "minecraft:set_count",
                        "count": {
                            "type": "minecraft:uniform",
                            "min": 1,
                            "max": 3
                        }
                    }
                ],
                "weight": 1
            },
            {
                "type": "minecraft:empty",
                "weight": 2
            }
        ],
        "conditions": [
            {
                "condition": "minecraft:killed_by_player"
            }
        ]
      }
    ]
  }