{
  "display": {
    "icon": {
      "id": "minecraft:enchanted_book"
    },
    "title": {
      "translate": "enchantment.enchantplus.title.builder_arm",
      "fallback": "Builder Arm",
      "color": "#40E6FF"
    },
    "description": {
      "translate": "advancement.enchantplus.description.builder_arm",
      "fallback": "When did I install Create ?"
    },
    "frame": "task",
    "show_toast": false,
    "announce_to_chat": false,
    "hidden": false
  },
  "parent": "enchantplus:armor/chestplate/anti_venom",
  "criteria": {
    "requirement": {
      "trigger": "minecraft:inventory_changed",
      "conditions": {
        "items": [
          {
            "predicates": {
              "minecraft:enchantments": [
                {
                  "enchantments": "enchantplus:chestplate/builder_arm"
                }
              ]
            }
          }
        ]
      }
    }
  }
}