{
    "replace": false,
    "values": [
        {
            "id": "enchantplus:pickaxe/vein_miner",
            "required": false
        },
        {
            "id": "enchantplus:tools/auto_smelt",
            "required": false
        },
        {
            "id": "enchantplus:tools/miningplus",
            "required": false
        },
        {
            "id": "enchantplus:sword/reach",
            "required": false
        },
        {
            "id": "enchantplus:sword/xp_boost",
            "required": false
        },
        {
            "id": "enchantplus:chestplate/builder_arm",
            "required": false
        },
        {
            "id": "enchantplus:boots/sky_walk",
            "required": false
        },
        {
            "id": "enchantplus:axe/timber",
            "required": false
        },
        {
            "id": "enchantplus:hoe/scyther",
            "required": false
        },
        {
            "id": "enchantplus:helmet/auto_feed",
            "required": false
        }
    ]
}