{
    "replace": false,
    "values": [
        {
            "id": "enchantplus:pickaxe/spawner_touch",
            "required": false
        },
        {
            "id": "enchantplus:elytra/armored",
            "required": false
        },
        {
            "id": "enchantplus:helmet/voidless",
            "required": false
        },
        {
            "id": "enchantplus:sword/pull",
            "required": false
        },
        {
            "id": "enchantplus:trident/magical_water",
            "required": false
        },
        {
            "id": "enchantplus:bow/breezing_arrow",
            "required": false
        },
        {
            "id": "enchantplus:mace/wind_propulsion",
            "required": false
        }
    ]
}