{
  "display": {
    "icon": {
      "id": "minecraft:red_wool"
    },
    "title": {
      "translate": "advancement.enchantplus.title.weapons",
      "fallback": "Weapons+"
    },
    "description": {
      "translate": "advancement.enchantplus.title.swoweaponsrd",
      "fallback": "Over 9 more enchantments",
      "color": "#D97652"
    },
    "frame": "task",
    "show_toast": false,
    "announce_to_chat": false,
    "hidden": true
  },
  "parent": "enchantplus:list",
  "criteria": {
    "requirement": {
      "trigger": "minecraft:impossible"
    }
  }
}