{
  "display": {
    "icon": {
      "id": "minecraft:netherite_ingot"
    },
    "title": {
      "translate": "advancement.enchantplus.title.tools",
      "fallback": "Neo Tools",
      "color": "#FFE2A8"
    },
    "description": {
      "translate": "advancement.enchantplus.description.tools",
      "fallback": "Get every custom enchantment book for the tools",
      "color": "green"
    },
    "frame": "goal",
    "show_toast": true,
    "announce_to_chat": false,
    "hidden": false
  },
  "parent": "enchantplus:tools/start",
  "criteria": {
    "auto_smelt": {
      "trigger": "minecraft:inventory_changed",
      "conditions": {
        "items": [
          {
            "predicates": {
              "minecraft:enchantments": [
                {
                  "enchantments": "enchantplus:tools/auto_smelt"
                }
              ]
            }
          }
        ]
      }
    },
    "miningplus": {
      "trigger": "minecraft:inventory_changed",
      "conditions": {
        "items": [
          {
            "predicates": {
              "minecraft:enchantments": [
                {
                  "enchantments": "enchantplus:tools/miningplus"
                }
              ]
            }
          }
        ]
      }
    }
  },
  "requirements": [
    [
      "auto_smelt"
    ],
    [
      "miningplus"
    ]
  ]
}