{
    "display": {
        "icon": {
            "id": "minecraft:red_nether_bricks",
            "count": 1
        },
        "title": "Nether",
        "description": "A portal to a whole range of new culinary possibilities",
        "background": "minecraft:textures/gui/advancements/backgrounds/husbandry.png",
        "frame": "task",
        "show_toast": true,
        "announce_to_chat": false
    },
    "parent": "tasty_supplies:tasty_supplies/root",
    "criteria": {
        "entered_nether": {
          "conditions": {
            "to": "minecraft:the_nether"
          },
          "trigger": "minecraft:changed_dimension"
        }
      },
    "requirements": [
        [
          "entered_nether"
        ]
      ],
    "sends_telemetry_event": true
}