{
  "criteria": {
    "consumed_item": {
      "trigger": "minecraft:consume_item"
    }
  },
  "display": {
    "announce_to_chat": false,
    "background": "minecraft:textures/gui/advancements/backgrounds/husbandry.png",
    "icon": {
      "count": 1,
      "id": "minecraft:cake"
    },
    "show_toast": false,
    "title": "Tasty Supplies",
    "description": "What is an adventure without some tasty supplies?"
  },
  "requirements": [
    [
      "consumed_item"
    ]
  ],
  "sends_telemetry_event": true
}