{
  "display": {
    "icon": {
      "id": "minecraft:enchanted_book"
    },
    "title": {
      "translate": "enchantment.enchantplus.title.life_steal",
      "fallback": "Life Steal",
      "color": "#40E6FF"
    },
    "description": {
      "translate": "advancement.enchantplus.description.life_steal",
      "fallback": "Give me health back"
    },
    "frame": "task",
    "show_toast": false,
    "announce_to_chat": false,
    "hidden": false
  },
  "parent": "enchantplus:weapons/sword/attack_speed",
  "criteria": {
    "requirement": {
      "trigger": "minecraft:inventory_changed",
      "conditions": {
        "items": [
          {
            "predicates": {
              "minecraft:enchantments": [
                {
                  "enchantments": "enchantplus:sword/life_steal"
                }
              ]
            }
          }
        ]
      }
    }
  }
}