{
    "type": "minecraft:crafting_shapeless",
    "ingredients": [
        {
            "item": "minecraft:apple"
        },
        {
            "item": "minecraft:apple"
        },
        {
            "item": "minecraft:sugar"
        },
        {
            "item": "minecraft:glass_bottle"
        }
    ],
    "result": {
        "id": "minecraft:potion",
        "components": {
            "custom_name": "{\"text\": \"Apple Cider\", \"italic\": false}",
            "custom_model_data": 2750015,
            "max_stack_size": 16,
            "potion_contents": {
                "custom_color": 16777215,
                "custom_effects": [
                    {
                        "id": "minecraft:absorption",
                        "duration": 1800
                    }
                ]
            }
        },
        "count": 1
    }
}