{
    "type": "minecraft:crafting_shaped",
    "key": {
        "p": {
            "tag": "minecraft:planks"
        },
        "s": {
            "item": "minecraft:stick"
        }
    },
    "pattern": [
        "spp",
        "spp"
    ],
    "result": {
        "id": "minecraft:armor_stand",
        "components": {
            "custom_name": "{\"text\": \"Cutting Board\", \"italic\": false}",
            "custom_data": {
                "tags": [
                    "cutting_board_placer"
                ]
            },
            "entity_data": {
                "id": "minecraft:armor_stand",
                "Tags": [
                    "cutting_board_placer"
                ],
                "Invisible": 1,
                "Small": 1
            },
            "max_stack_size": 64,
            "custom_model_data": 2750014
        }
    }
  }