{
    "type": "minecraft:crafting_shaped",
    "category": "equipment",
    "key": {
        "m": {
            "item": "minecraft:gold_ingot"
        },
        "s": {
            "item": "minecraft:stick"
        }
    },
    "pattern": [
        "m",
        "s"
    ],
    "result": {
        "id": "minecraft:wooden_hoe",
        "components": {
            "custom_name": "{\"text\": \"Golden Knife\", \"italic\": false}",
            "custom_model_data": 2750011,
            "max_damage": 32,
            "attribute_modifiers": {
                "modifiers": [
                    {
                        "type": "generic.attack_damage",
                        "slot": "mainhand",
                        "id": "tasty_supplies:golden_knife_damage",
                        "amount": 2,
                        "operation": "add_value"
                    },
                    {
                        "type": "generic.attack_speed",
                        "slot": "mainhand",
                        "id": "tasty_supplies:golden_knife_speed",
                        "amount": 2,
                        "operation": "add_value"
                    }
                ]
            }
        }
    }
  }