{
    "type": "minecraft:crafting_shapeless",
    "ingredients": [
        {
            "item": "minecraft:bucket"
        },
        {
            "item": "minecraft:magma_cream"
        },
        {
            "item": "minecraft:magma_cream"
        },
        {
            "item": "minecraft:magma_cream"
        },
        {
            "item": "minecraft:blaze_powder"
        },
        {
            "item": "minecraft:blaze_powder"
        }
    ],
    "result": {
        "id": "minecraft:golden_carrot",
        "components": {
            "custom_name": "{\"text\": \"Magma Gelatin\", \"italic\": false}",
            "custom_model_data": 2750034,
            "max_stack_size": 1,
            "food": {
                "nutrition": 1,
                "saturation": 6,
                "can_always_eat": true,
                "using_converts_to": {
                    "id": "minecraft:bucket"
                },
                "effects": [
                    {
                        "effect": {
                            "id": "minecraft:nausea",
                            "duration": 300
                        }
                    },
                    {
                        "effect": {
                            "id": "minecraft:fire_resistance",
                            "duration": 6000
                        }
                    }
                ]
            }
        },
        "count": 1
    }
}