{
    "type": "minecraft:crafting_shapeless",
    "ingredients": [
        {
            "item": "minecraft:bowl"
        },
        {
            "item": "minecraft:crimson_fungus"
        },
        {
            "item": "minecraft:warped_fungus"
        }
    ],
    "result": {
        "id": "minecraft:beetroot_soup",
        "components": {
            "custom_name": "{\"text\": \"Nether Salad\", \"italic\": false}",
            "custom_model_data": 2750007,
            "food": {
                "nutrition": 5,
                "saturation": 6,
                "effects": [
                    {
                        "effect": {
                            "id": "minecraft:nausea",
                            "duration": 600
                        }
                    }
                ]
            }
        },
        "count": 1
    }
}