{
    "type": "minecraft:crafting_shaped",
    "key": {
        "S": {
            "item": "minecraft:sweet_berries"
        },
        "M": {
            "item": "minecraft:milk_bucket"
        },
        "C": {
            "item": "minecraft:bread"
        }
    },
    "pattern": [
        "SSS",
        "SSS",
        "MCM"
    ],
    "result": {
        "id": "minecraft:pumpkin_pie",
        "components": {
            "custom_name": "{\"text\": \"Sweet Berry Cheescake\", \"italic\": false}",
            "custom_model_data": 2750004,
            "food": {
                "nutrition": 8,
                "saturation": 6,
                "effects": [
                    {
                        "effect": {
                            "id": "minecraft:speed",
                            "duration": 3600
                        }
                    }
                ]
            }
        },
        "count": 1
    }
}