{
    "condition": "minecraft:any_of",
    "terms": [
      {
        "condition": "minecraft:entity_properties",
        "entity": "this",
        "predicate": {
          "slots": {
            "weapon.offhand": {
              "items": "minecraft:painting"
            }
          }
        }
      },
      {
        "condition": "minecraft:entity_properties",
        "entity": "this",
        "predicate": {
          "slots": {
            "container.*": {
              "items": "minecraft:painting"
            }
          }
        }
      },
      {
        "condition": "minecraft:entity_properties",
        "entity": "this",
        "predicate": {
          "type_specific": {
            "type": "minecraft:player",
            "gamemode": ["creative"]
          }
        }
      }
    ]
  }
  