{
    "display": {
      "icon": {
        "id": "minecraft:potion",
        "count": 1,
        "components": {
          "minecraft:custom_model_data": 2750020,
          "potion_contents": {
              "custom_color": 16777215
          }
        }
      },
      "title": "_consume_horn_drink",
      "description": "_trigger_when_drinking_anything_in_a_horn",
      "background": "minecraft:textures/gui/advancements/backgrounds/husbandry.png",
      "frame": "task",
      "show_toast": false,
      "announce_to_chat": false,
      "hidden": true
    },
    "criteria": {
      "apple_cider_horn": {
        "trigger": "minecraft:consume_item",
        "conditions": {
          "item": {
            "items": "minecraft:potion",
            "components": {
              "minecraft:custom_model_data": 2750020
            }
          }
        }
      },
      "glow_berry_custard_horn": {
        "trigger": "minecraft:consume_item",
        "conditions": {
          "item": {
            "items": "minecraft:potion",
            "components": {
              "minecraft:custom_model_data": 2750021
            }
          }
        }
      },
      "hot_cocoa_horn": {
        "trigger": "minecraft:consume_item",
        "conditions": {
          "item": {
            "items": "minecraft:potion",
            "components": {
              "minecraft:custom_model_data": 2750022
            }
          }
        }
      },
      "melon_juice_horn": {
        "trigger": "minecraft:consume_item",
        "conditions": {
          "item": {
            "items": "minecraft:potion",
            "components": {
              "minecraft:custom_model_data": 2750023
            }
          }
        }
      }
    },
    "requirements": [
      [
        "apple_cider_horn",
        "glow_berry_custard_horn",
        "hot_cocoa_horn",
        "melon_juice_horn"
      ]
    ],
    "rewards": {
      "function": "tasty_supplies:horn_drink" 
    },
    "sends_telemetry_event": true
  }
  