{
  "display": {
    "icon": {
      "id": "minecraft:netherite_pickaxe"
    },
    "title": {
      "translate": "advancement.enchantplus.title.pickaxe",
      "fallback": "Neo Pickaxe",
      "color": "#FFE2A8"
    },
    "description": {
      "translate": "advancement.enchantplus.description.pickaxe",
      "fallback": "Get every custom enchantment book for the pickaxe",
      "color": "green"
    },
    "frame": "goal",
    "show_toast": true,
    "announce_to_chat": false,
    "hidden": false
  },
  "parent": "enchantplus:tools/start",
  "criteria": {
    "vein_miner": {
      "trigger": "minecraft:inventory_changed",
      "conditions": {
        "items": [
          {
            "predicates": {
              "minecraft:enchantments": [
                {
                  "enchantments": "enchantplus:pickaxe/vein_miner"
                }
              ]
            }
          }
        ]
      }
    },
    "spawner_touch": {
      "trigger": "minecraft:inventory_changed",
      "conditions": {
        "items": [
          {
            "predicates": {
              "minecraft:enchantments": [
                {
                  "enchantments": "enchantplus:pickaxe/spawner_touch"
                }
              ]
            }
          }
        ]
      }
    },
    "bedrock_breaker": {
      "trigger": "minecraft:inventory_changed",
      "conditions": {
        "items": [
          {
            "predicates": {
              "minecraft:enchantments": [
                {
                  "enchantments": "enchantplus:pickaxe/experimental_bedrock_breaker"
                }
              ]
            }
          }
        ]
      }
    }
  },
  "requirements": [
    [
      "vein_miner"
    ],
    [
      "spawner_touch"
    ],
    [
      "bedrock_breaker"
    ]
  ]
}