{
    "description": {
        "translate": "enchantment.minecraft.accuracy_shot",
        "fallback": "Accuracy Shot"
    },
    "supported_items": "#enchantplus:enchantable/bows",
    "weight": 2,
    "max_level": 1,
    "min_cost": {
        "base": 20,
        "per_level_above_first": 9
    },
    "max_cost": {
        "base": 65,
        "per_level_above_first": 9
    },
    "anvil_cost": 4,
    "slots": [
        "mainhand",
        "offhand"
    ],
    "effects": {
        "minecraft:projectile_spawned": [
            {
                "effect": {
                    "type": "minecraft:run_function",
                    "function": "enchantplus:actions/no_gravity"
                }
            }
        ]
    }
}