{
  "type": "minecraft:entity",
  "pools": [
    {
      "bonus_rolls": 0.0,
      "entries": [
        {
          "type": "minecraft:item",
          "name": "minecraft:blue_wool"
        }
      ],
      "rolls": 1.0
    },
    {
      "bonus_rolls": 0.0,
      "entries": [
        {
          "type": "minecraft:loot_table",
          "name": "minecraft:entities/sheep"
        }
      ],
      "rolls": 1.0
    },
    {
      "rolls": 1,
      "entries": [
        {
          "type": "minecraft:item",
          "name": "minecraft:player_head",
          "functions": [
            {
              "function": "minecraft:set_nbt",
              "tag": "{display:{Name:'{\"text\":\"Blue Sheep\"}'},SkullOwner:{Id:[I;754783750,-15448808,-1536644831,511757245],Properties:{textures:[{Value:\"eyJ0ZXh0dXJlcyI6eyJTS0lOIjp7InVybCI6Imh0dHA6Ly90ZXh0dXJlcy5taW5lY3JhZnQubmV0L3RleHR1cmUvZTM5ZWZjNGI0ZWFkZWM0ODU3NmE1NzAwZWM4MTIzOTU1MTAzMjdlNWQxZTdjMTA4ZmQ4YWJjNzc5NjY4NWFhMyJ9fX0=\"}]}}}"
            }
          ],
          "conditions": [
            {
              "condition": "minecraft:random_chance",
              "chance": 0.02
            }
          ]
        }
      ]
    }
  ],
  "random_sequence": "minecraft:entities/sheep/blue"
}