[
  {
    "function": "minecraft:set_lore",
    "entity":"this",
    "lore": [
      [
        {
          "text": "Profession: ",
          "color": "gray",
          "italic": false
        },
        {
          "nbt": "data.Profession",
          "entity": "@s",
          "color": "white",
          "italic": false
        }
      ],
      [
        {
          "text": "Biome: ",
          "color": "gray",
          "italic": false
        },
        {
          "nbt": "data.Biome",
          "entity": "@s",
          "color": "white",
          "italic": false
        }
      ],
      [
        {
          "text": "Level: ",
          "color": "gray",
          "italic": false
        },
        {
          "nbt": "data.Level",
          "entity": "@s",
          "color": "white",
          "italic": false
        }
      ],
      [
        {
          "text": "Has AI: ",
          "color": "gray",
          "italic": false
        },
        {
          "nbt": "data.AI",
          "entity": "@s",
          "color": "white"
        }
      ],
      [
        {
          "text": "Trades: ",
          "color": "gray",
          "italic": false
        },
        {
          "nbt": "data.Trades",
          "entity": "@s",
          "color": "white"
        }
      ],
      {
        "text": ""
      },
      {
        "text": "ℹ Created with VillEdit",
        "color": "dark_gray",
        "italic": false
      }
    ]
  },
  {
    "function": "minecraft:set_name",
    "entity": "this",
    "name": [
      {
        "nbt": "CustomName",
        "entity": "@e[type=villager,limit=1,sort=nearest,tag=ve.editing]",
        "interpret": true,
        "italic": false
      },
      {
        "text": " Spawn Egg",
        "color": "green",
        "italic": false
      }
    ]
  }
]
