{
  "display": {
    "icon": {
      "id": "minecraft:poisonous_potato",
      "components": {
        "minecraft:custom_model_data": 360000
      }
    },
    "title": {
      "translate": "mcpaint.advancements.root.title"
    },
    "description": {
      "translate": "mcpaint.advancements.root.description"
    },
    "frame": "task",
    "show_toast": false,
    "announce_to_chat": false,
    "hidden": false,
    "background": "minecraft:textures/block/white_wool.png"
  },
  "criteria": {
    "requirement": {
      "trigger": "minecraft:inventory_changed",
      "conditions": {
        "items": [
          {
            "id": "minecraft:painting"
          }
        ]
      }
    }
  }
}