{
  "parent": "mcpaint:guide/place_custom_painting",
  "display": {
    "icon": {
      "id": "minecraft:shears"
    },
    "title": {
      "translate": "mcpaint.advancements.set_no_background.title"
    },
    "description": {
      "translate": "mcpaint.advancements.set_no_background.description"
    },
    "frame": "task",
    "show_toast": true,
    "announce_to_chat": true,
    "hidden": false
  },
  "criteria": {
    "requirement": {
      "trigger": "minecraft:impossible",
      "conditions": {}
    }
  }
}