{
  "display": {
    "icon": {
      "id": "minecraft:red_concrete"
    },
    "title": "Error!                   ",
    "description": {
      "text": "There is an issue with your installation, and the installed datapacks will not work. For more details, run ",
      "color": "red",
      "extra": [
        {
          "text": "/function eroxified2:_/core/errors",
          "color": "white"
        }
      ]
    },
    "frame": "task",
    "show_toast": false,
    "announce_to_chat": false,
    "hidden": true
  },
  "parent": "eroxified2:core/warning",
  "criteria": {
    "requirement": {
      "trigger": "minecraft:impossible"
    }
  },
  "sends_telemetry_event": false
}
