{
  "parent": "eroxified2:core/root",
  "display": {
    "icon": {
      "id": "minecraft:spyglass"
    },
    "title": "Links                                  ",
    "description": {
      "text": "Check out my other datapacks at:",
      "color": "gray",
      "underlined": false,
      "extra": [
        {
          "text": "\n→"
        },
        {
          "text": "modrinth.com/user/Eroxen",
          "color": "aqua",
          "underlined": true
        },
        {
          "text": "\n→"
        },
        {
          "text": "planetminecraft.com/member/eroxen",
          "color": "aqua",
          "underlined": true
        },
        {
          "text": "\n→"
        },
        {
          "text": "github.com/Eroxen",
          "color": "aqua",
          "underlined": true
        },
        {
          "text": "\nFor support & feedback, visit:"
        },
        {
          "text": "\n→"
        },
        {
          "text": "discord.gg/p6jh5j2fY3",
          "color": "aqua",
          "underlined": true
        }
      ]
    },
    "frame": "task",
    "show_toast": false,
    "announce_to_chat": false,
    "hidden": false
  },
  "criteria": {
    "requirement": {
      "trigger": "minecraft:impossible"
    }
  },
  "sends_telemetry_event": false
}